<?xml version="1.0"?>
<block>
  <name>Polar Decoder</name>
  <key>projectCACHE_PolarDec_b</key>
  <category>[projectCACHE]</category>
  <import>import projectCACHE</import>
  <make>projectCACHE.PolarDec_b($N, $m_files, $b_chunks, $id_user, $n_users, $spack_len, $size_chunk, $crc, $lengthtagname)</make>
  <param>
    <name>CodeWord Length</name>
    <key>N</key>
    <type>int</type>
  </param>
  <param>
    <name>Nb Files</name>
    <key>m_files</key>
    <type>int</type>
  </param>
  <param>
    <name>Nb Chuncks</name>
    <key>b_chunks</key>
    <type>int</type>
  </param>
  <param>
    <name>User ID</name>
    <key>id_user</key>
    <type>int</type>
  </param>
  <param>
    <name>Nb Users</name>
    <key>n_users</key>
    <type>int</type>
  </param>
  <param>
    <name>packet length</name>
    <key>spack_len</key>
    <type>int</type>
  </param>
  <param>
    <name>Chunk size</name>
    <key>size_chunk</key>
    <type>int</type>
  </param>
  <param>
	  <name>CRC Mode</name>
	  <key>crc</key>
	  <type>enum</type>
	  <option>
		  <name>False</name>
		  <key>False</key>
	  </option>
	  <option>
		  <name>True</name>
		  <key>True</key>
	  </option>
  </param>
  <param>
    <name>Packet Length Name</name>
    <key>lengthtagname</key>
    <type>string</type>
  </param>
  <sink>
    <name>in</name>
    <type>complex</type>
  </sink>
</block>
