<block>
  <name>OFDM Equalizer</name>
  <key>projectCACHE_ofdm_frame_equalizer1_vcvc</key>
  <category>[projectCACHE]</category>
  <import>import projectCACHE</import>
  <make>projectCACHE.ofdm_frame_equalizer1_vcvc($fft_len, $cp_len, $len_tag_key, $propagate_channel_state, $occupied_carriers, $pilot_carriers, $pilot_symbols, $symbols_skipped, $input_is_shifted)</make>
  <param>
    <name>FFT length</name>
    <key>fft_len</key>
    <value>fft_len</value>
    <type>int</type>
  </param>
  <param>
    <name>CP length</name>
    <key>cp_len</key>
    <value>fft_len/4</value>
    <type>int</type>
  </param>
  <param>
    <name>Length Tag Key</name>
    <key>len_tag_key</key>
    <type>string</type>
  </param>
  <param>
	  <name>Propagate Channel State</name>
	  <key>propagate_channel_state</key>
	  <type>enum</type>
	  <option>
		  <name>Yes</name>
		  <key>True</key>
	  </option>
	  <option>
		  <name>No</name>
		  <key>False</key>
	  </option>
  </param>
  <param>
    <name>Occupied Carriers</name>
    <key>occupied_carriers</key>
    <type>raw</type>
  </param>
  <param>
    <name>Pilot Carriers</name>
    <key>pilot_carriers</key>
    <type>raw</type>
  </param>
  <param>
    <name>Pilot Symbols</name>
    <key>pilot_symbols</key>
    <type>raw</type>
  </param>
  <param>
    <name>Symbols skipped</name>
    <key>symbols_skipped</key>
    <value>0</value>
    <type>int</type>
    <hide>#if $symbols_skipped then 'none' else 'part'#</hide>
  </param>
  <param>
    <name>Input is shifted</name>
    <key>input_is_shifted</key>
    <value>True</value>
    <type>bool</type>
    <hide>#if $input_is_shifted then 'part' else 'none'#</hide>
  </param>
  <sink>
    <name>in</name>
    <type>complex</type>
    <vlen>$fft_len</vlen>
  </sink>
  <source>
    <name>out</name>
    <type>complex</type>
    <vlen>$fft_len</vlen>
  </source>
</block>
